Topic,Count,Name,theory,theme,Representation,Representative_Docs
0,963,0_有钱_有钱人_攒钱_努力,Financial Cost,Wealth,"['有钱', '有钱人', '攒钱', '努力', '赚钱', '能力', '交钱', '价格', '挣钱', '经济']","['有钱 钱 干', '有钱', '有钱 真']"
1,713,1_父留子_留子_去母_父留,Individualism,Individualism,"['父留子', '留子', '去母', '父留', '母留子', '去夫', '哈哈哈', '经济', '支持', '想法']","['笑 死 父留子', '“ 父留子 ”', '“ 父留子 ”']"
2,1352,2_道理_理解_自找_世界,Individualism,Diversity,"['道理', '理解', '自找', '世界', '赞同', '明白', '同情', '清醒', '太对', '终于']","['理解', '理解', '理解']"
3,727,3_降低_成本_生育率_标准,Reproduction,Population Growth,"['降低', '成本', '生育率', '标准', '育儿', '提高', '出生率', '鼓励', '道德', '生育']","['想要 提高 出生率 应该 降低 育儿 成本 社会 压力 降低 道德 标准', '想要 提高 生育率 应该 降低 育儿 成本 社会 压力 降低 道德 底线', '提高 生育率 降低 育儿 成本 降低 道德 标准']"
4,729,4_严浩翔_伟大_推恩_开绿灯,Financial Cost,Healthcare,"['严浩翔', '伟大', '推恩', '开绿灯', '林子', '暧昧', '泰裤', '操作', '黄色', '裂开']","['严浩翔 以后 不能 捐 一个', '严浩翔 捐 一个', '严浩翔 捐 一个']"
5,781,5_爸爸_父亲_父爱_长大,Individualism,Traditional Family,"['爸爸', '父亲', '父爱', '长大', '没有', '缺失', '成长', '家庭', '完整', '孩子']","['没有 爸爸 孩子', '孩子 没有 爸爸 没有 父爱 完整', '没有 父爱 没有 父亲']"
6,573,6_同父异母_dna_兄妹_近亲,Deinstitutionalization of Marriage,Morality,"['同父异母', 'dna', '兄妹', '近亲', '近亲结婚', '以后', '兄弟姐妹', '亲兄妹', '同母异父', '谈恋爱']","['不会 出现 . 以后 对象 同父异母 兄妹 / 姐弟', '以后 同父异母 孩子 结婚', '以后 不会 同父异母 结婚']"
7,510,7_专家_查查_建议_进步,Deinstitutionalization of Marriage,Morality,"['专家', '查查', '建议', '进步', '这位', '教授', '私生子', '是不是', '估计', '外面']","['专家', '搞 专家', '专家 住 帮']"
8,829,8_户口_女方_户口本_结婚证,Deinstitutionalization of Marriage,Legislation,"['户口', '女方', '户口本', '结婚证', '男方', '落户', '上户', '小孩', '离婚', '前夫']","['没有 领 结婚证 孩子 户口', '错 孩子 生 户口', '户口 女方 没有 结婚证 小孩 迁 户口']"
9,543,9_不能_开玩笑_王俊凯_吴世勋,Financial Cost,Healthcare,"['不能', '开玩笑', '王俊凯', '吴世勋', '千玺', '一颗', '一个', '边伯贤', '朴灿烈', '王鹤']","['易 烊 千玺 捐 一颗 没 开玩笑', '王俊凯 不能 捐 ? 没 开玩笑', '王俊凯 不能 捐 没 开玩笑']"
10,523,10_单亲_单亲家庭_妈妈_单身,Individualism,Traditional Family,"['单亲', '单亲家庭', '妈妈', '单身', '双亲', '家庭', '成长', '爸爸', '心理', '父爱']","['支持 单亲 妈妈', '单亲 妈妈', '喊 单亲 妈妈']"
11,517,11_坏处_好处_全是_起来,Individualism,Diversity,"['坏处', '好处', '全是', '起来', '利大于弊', '哈哈哈', '听到', '好像', '一听', '六个']","['坏处 听 想 好处', '坏处 好处', '坏处 好处']"
12,398,12_试管_试管婴儿_国内_单身,Financial Cost,Healthcare,"['试管', '试管婴儿', '国内', '单身', '未婚', '允许', '移植', '医院', '取卵', '受孕']","['试管', '试管', '试管']"
13,773,13_男人_男性_女人_男生,Individualism,Gender Equality,"['男人', '男性', '女人', '男生', '男女平等', '光棍', '女生', '女孩', '干嘛', '支持']","['男人 死', '男人 真 没', '没 男人 死']"
14,390,14_父留子_留子_去夫_yyds,Individualism,Individualism,"['父留子', '留子', '去夫', 'yyds', 'diu', '弃夫', 'you', '舍父', '送子观音', '杀父']","['父留子', '父留子', '父留子']"
15,388,15_产检_自费_免费_老公,Financial Cost,Healthcare,"['产检', '自费', '免费', '老公', '产检费', '精神', '医院', '好像', '空缺', '费用']","['老公 产检 自费', '老公 产检 自费', '老公 产检 自费']"
16,412,16_三妻四妾_一夫多妻_有钱人_富人,Deinstitutionalization of Marriage,Morality,"['三妻四妾', '一夫多妻', '有钱人', '富人', '富豪', '一妻多夫', '穷人', '纳妾', '老婆', '变相']","['以后 三妻四妾', '三妻四妾', '三妻四妾']"
17,370,17_私生子_私生_合法化_无辜,Deinstitutionalization of Marriage,Morality,"['私生子', '私生', '合法化', '无辜', '外面', '合法', '教授', '遍地', '家产', '规定']","['私生子', '私生子 ', '问 私生子']"
18,415,18_非婚_非婚生子_非婚生_生育,Deinstitutionalization of Marriage,Morality,"['非婚', '非婚生子', '非婚生', '生育', '婚外', '歧视', '婚生子女', '子女', '权利', '生子']","['非婚 生育 5 岁', '女 想 非婚 生育 找', '非婚 生育']"
19,530,19_男人_想要_女人_能生,Deinstitutionalization of Marriage,Parenting Value,"['男人', '想要', '女人', '能生', '跳过', '男性', '男生', '孩子', '男孩', '拥有']","['想要 男人 孩子', '男人 生 孩子', '男人 生 孩子']"
20,383,20_继承权_继承_私生子_财产,Deinstitutionalization of Marriage,Legislation,"['继承权', '继承', '私生子', '财产', '遗产', '生父', '享有', '婚生子', '非婚生子', '遗嘱']","['私生子 继承权', '私生子 继承权', '搜 私生子 继承权']"
21,309,21_海洋_全网_老板_争气,Individualism,Individualism,"['海洋', '全网', '老板', '争气', '佩服', '榜样', '配得', '外表', '那句', '身材']","['叶 海洋 生 养', '叶 海洋 高', '叶 海洋']"
23,308,23_小三_小三小四_当小三_第三者,Deinstitutionalization of Marriage,Morality,"['小三', '小三小四', '当小三', '第三者', '小四', '养小三', '小三会', '小三们', '鼓励', '小五']","['小三', '小三', '小三']"
24,358,24_全是_好处_不全是_这全,Individualism,Diversity,"['全是', '好处', '不全是', '这全', '全都', '妈呀', '感觉', '竟然', '我天', '尽说']","['全是 好处', '全是 好处', '全是 好处']"
25,319,25_姐姐_姐妹_妹妹_弟弟,Individualism,Gender Equality,"['姐姐', '姐妹', '妹妹', '弟弟', '加油', '勇敢', '星星', '小姐姐', '双胞胎', '兄弟']","['棒 姐姐', '姐姐 姐姐 ʚ • ͈ ˽ • ͈ ི ྀ ɞ 想', '姐姐']"
26,285,26_社会_抚养费_缴纳_抚养,Deinstitutionalization of Marriage,Legislation,"['社会', '抚养费', '缴纳', '抚养', '要交', '交了', '扶养费', '费用', '奶粉', '扶养']","['社会 抚养费 钱', '社会 抚养费', '交 社会 抚养费']"
27,354,27_选择_成年人_负责_决定,Financial Cost,Wealth,"['选择', '成年人', '负责', '决定', '抱怨', '承担', '后悔', '买单', '承受', '自律']","['选择', '选择 真', '选择 怨']"
28,698,28_结婚_不结_不用_不想,Deinstitutionalization of Marriage,Marriage,"['结婚', '不结', '不用', '不想', '婚姻', '恐婚', '后悔', '结过婚', '以后', '结婚的人']","['没 结婚', '早 结婚', '早 结婚']"
29,556,29_结婚_生子_孩子_不生,Deinstitutionalization of Marriage,Parenting Value,"['结婚', '生子', '孩子', '不生', '不用', '生娃', '随便', '生个', '不要', '婚姻']","['结婚 养 孩子', '结婚 孩子', '结婚 生 孩子']"
30,260,30_支持_唐唐_非常_赞成,Individualism,Diversity,"['支持', '唐唐', '非常', '赞成', '大力支持', '透支', '认可', '能力', '博士', '双手']","['支持', '支持', '支持']"
31,245,31_人口_主播_增加_增长,Reproduction,Population Growth,"['人口', '主播', '增加', '增长', '生命', '人口数量', '红利', '不择手段', '国家', '底线']","['发 道德 人口', '人口 事', '人口 拼']"
33,299,33_进步_世风日下_社会_时代,Deinstitutionalization of Marriage,Morality,"['进步', '世风日下', '社会', '时代', '国家', '文明', '祖国', '发展', '退步', '回到']","['进步', '进步', '进步']"
34,301,34_通透_叔叔_安全带_老二,Individualism,Diversity,"['通透', '叔叔', '安全带', '老二', '老大', '年轻', '光宗耀祖', '35', '年龄', '30']","['哄 完 老大 哄 老二', '喜欢 叔叔 活 真 通透 真的 劝', '太 喜欢 叔叔 通透']"
35,236,35_基因_找个_优质_优秀,Reproduction,Lineage,"['基因', '找个', '优质', '优秀', '挑选', '传承', '遗传', '帅哥', '重要', '常青藤']","['怕 基因', '找 基因', '基因 选']"
36,426,36_问题_电话_解决_咨询,Financial Cost,Healthcare,"['问题', '电话', '解决', '咨询', '说话', '试试', '机构', '回复', '私信', '联系']","['没有 解决 根本 问题', '电话 告诉 想 打电话 咨询 一下', '电话 联系 一下']"
37,242,37_缺点_优点_说完_电子版,Individualism,Diversity,"['缺点', '优点', '说完', '电子版', '全是', '不说', '没有', '承诺', '我勒个', '这全']","['缺点 优点', '全 优点 没 缺点', '缺点 没有 缺点 优点']"
38,478,38_孩子_小孩_小孩子_大人,Individualism,Traditional Family,"['孩子', '小孩', '小孩子', '大人', '快乐', '感受', '02', '公平', '不动', '懂事']","['孩子', '孩子', '孩子']"
39,281,39_想法_很久_一直_这种,Individualism,Individualism,"['想法', '很久', '一直', '这种', '考虑一下', '十年', '考虑', '早就', '有过', '以前']","['想法 想 久', '想法 早', '挺 想法']"
40,277,40_评论_破防_来看_区笑,Deinstitutionalization of Marriage,Morality,"['评论', '破防', '来看', '区笑', '恶臭', '三观', '哈哈哈哈', '区好', '点评', '真是']","['评论 区 骂 没', '评论 区 醉', '评论 区 绝']"
41,335,41_出生证明_出生证_身份证_户口本,Deinstitutionalization of Marriage,Legislation,"['出生证明', '出生证', '身份证', '户口本', '证明', '户口', '派出所', '办理', '需要', '补办']","['孩子 没有 出生证明 办 户口', '没有 出生证明 户口', '没有 出生证明 户口']"
42,281,42_津贴_生育_社保_补贴,Deinstitutionalization of Marriage,Legislation,"['津贴', '生育', '社保', '补贴', '听说', '能领', '告诉', '交了', '领到', '工作']","['生育 津贴', '生育 津贴', '生育 津贴 领']"
43,237,43_可爱_漂亮_宝贝_宝宝,Individualism,Diversity,"['可爱', '漂亮', '宝贝', '宝宝', '好看', '小可爱', '小女孩', '小宝贝', '帅气', '长得']","['宝宝 可爱', '宝宝 太 可爱', '宝宝 可爱']"
44,240,44_改姓_名字_姓氏_尊重,Individualism,Traditional Family,"['改姓', '名字', '姓氏', '尊重', '文明礼仪', '母亲', '同意', '华夏', '随父', '离婚']","['改姓', '单亲 改姓', '离婚 改姓']"
45,352,45_不想_想要_结婚_想生,Deinstitutionalization of Marriage,Parenting Value,"['不想', '想要', '结婚', '想生', '孩子', '只想', '生个', '生小孩', '不生', '丁克']","['结婚 不想 生 孩子', '结婚 不想 生 孩子', '想 结婚 不想 生 孩子']"
46,381,46_相宜_100_方式_对象,Individualism,Individualism,"['相宜', '100', '方式', '对象', '女朋友', '找个', '帅哥', '学历', '男朋友', '董宇辉']","['爱妻 张婷 ( 相宜 ) \n \xa0 \xa0 \xa0 \xa0 \xa0 见字 如晤 展信 舒颜 \n \xa0 \xa0 \xa0 \xa0 \xa0 方 六月 季夏 已至 闲坐 窗前 感叹 时光荏苒 提笔 落墨 思至 黯然 \n \xa0 \xa0 \xa0 \xa0 \xa0 \xa0 吾 自知 才疏学浅 恐无 翩翩 君子 之风 何德何能 爱妻 停留 驻足不前 今生 遇妻 签 情深 缘浅 奈何 纸短情长 言 点滴 过往 诉不完 叹 人生 悲欢 \n \xa0 \xa0 \xa0 \xa0 \xa0 爱妻 可知 数次 提笔 恐 词不达意 成 笑谈 更恐 爱妻 厌烦 只能 心事 藏于 心间 唐突 处 爱妻 海涵 \n \xa0 \xa0 \xa0 \xa0 提笔 思 落笔 念 思 三千 念 三千 浅浅 文字 字字 真言 念 汝 如初 思汝 如故 人间 苦漫 唯愿 爱妻 安 -- 甲辰 季夏', '相宜 确实 妈', '感觉 相宜']"
47,218,47_韭菜_资本_饮鸩止渴_不够,Reproduction,Population Growth,"['韭菜', '资本', '饮鸩止渴', '不够', '资本家', '玩意', '玩意儿', '洗脑', '忽悠', '骗子']","['生 韭菜', '韭菜 割', '韭菜']"
49,457,49_打字_复制_宝宝_泰裤,Deinstitutionalization of Marriage,Morality,"['打字', '复制', '宝宝', '泰裤', '不想', '抵制', '吓死', '啊啊啊', '音乐', '可怕']","['音乐 吓死人', '吓死', '吓死']"
50,207,50_报销_保险_生育_准生证,Deinstitutionalization of Marriage,Legislation,"['报销', '保险', '生育', '准生证', '社保', '不能', '交了', '险能', '享受', '结婚证']","['生育 险 不能 报销', '没有 结婚证 报销 不了 生育 保险', '非婚生子 没有 结婚证 生育 保险 报销']"
51,175,51_混血_混血儿_东北_宝宝,Reproduction,Lineage,"['混血', '混血儿', '东北', '宝宝', '好看', '吉林', '五国', '生个', '长春', '街上']","['混血', ' 混血', '混血 … …']"
52,523,52_人带_一个_经济_照顾,Financial Cost,Wealth,"['人带', '一个', '经济', '照顾', '孩子', '挣钱', '上班', '能力', '养育', '有钱']","['为啥 非婚 生育 一个 人带 辛苦', '一个 人带 娃 生活 确实 挺', '已经 生 一个 人生 一个 人带']"
53,202,53_太酷_好酷_泰酷_很酷,Individualism,Diversity,"['太酷', '好酷', '泰酷', '很酷', '超酷', '酷毙了', '真的', '天呐', '酷酷', '哇塞']","['太酷', '太酷', '太酷']"
54,215,54_小三_第三者_原配_破坏,Deinstitutionalization of Marriage,Morality,"['小三', '第三者', '原配', '破坏', '继承权', '私生子', '当小三', '三生', '歧视', '小三小四']","['小三 孩子 没有 继承权', '小三 孩子 尼', '… 小三 孩子']"
55,317,55_妈妈_伟大_母亲_我妈,Individualism,Gender Equality,"['妈妈', '伟大', '母亲', '我妈', '母系社会', '尊重', '了不起', '勇敢', '母子', '平安']","['伟大 妈妈', '妈妈 真 伟大', '妈妈 太 伟大']"
56,176,56_三胎_二胎_生二胎_一胎,Deinstitutionalization of Marriage,Parenting Value,"['三胎', '二胎', '生二胎', '一胎', '第三胎', '四胎', '这胎', '几胎', '三胞胎', '龙凤胎']","['三胎 牛', '生 三胎', '三胎']"
57,349,57_结婚_意义_干嘛_结个,Deinstitutionalization of Marriage,Marriage,"['结婚', '意义', '干嘛', '结个', '结了婚', '婚姻', '新型', '走婚', '何在', '最好']","['结婚 行', '结婚', '结婚']"
58,346,58_真的假_看到_不早_知道,Deinstitutionalization of Marriage,Morality,"['真的假', '看到', '不早', '知道', '真的', '两点', '早点', '晚上', '原来', '太晚']","['看到', '看到 没有', '看到 没有']"
59,173,59_视频_推荐_刷到_会刷,Deinstitutionalization of Marriage,Morality,"['视频', '推荐', '刷到', '会刷', '看到', '关注', '能刷', '这条', '为啥', '这种']","['视频', '� � 视频', '推 视频']"
60,187,60_津贴_生育_准生证_补贴,Deinstitutionalization of Marriage,Legislation,"['津贴', '生育', '准生证', '补贴', '领到', '结婚证', '社保', '领取', '享受', '齐全']","['结婚证 准生证 没有 生育 津贴', '结婚证 准生证 没有 生育 津贴', '结婚证 准生证 没有 生育 津贴']"
61,191,61_哈哈哈_哈哈哈哈_专用_热度,Individualism,Diversity,"['哈哈哈', '哈哈哈哈', '专用', '热度', '我天', '思聪', '快来', '码住', '四眼', '来来来']","['哈哈哈哈 哈哈哈哈 哈哈哈 哈哈哈 哈哈哈 哈哈哈 哈哈哈 哈哈哈 哈哈哈 哈哈哈 哈哈哈', '哈哈哈哈 哈哈哈 哈哈哈 哈哈哈 哈哈哈', '哈哈哈哈 哈哈哈 哈哈哈 哈哈哈']"
62,172,62_亲子鉴定_户口_上户_男方,Deinstitutionalization of Marriage,Legislation,"['亲子鉴定', '户口', '上户', '男方', '需要', '结婚证', '落户', '女方', '鉴定', '证明']","['亲子鉴定 户口', '亲子鉴定 户口', '亲子鉴定 户口']"
63,589,63_想要_怀孕_要生_生个,Deinstitutionalization of Marriage,Parenting Value,"['想要', '怀孕', '要生', '生个', '准备', '孩子', '想生', '身体', '老公', '不生']","['想要 孩子', '想要 一个 孩子', '想要 一个 孩子']"
64,192,64_违法_合法_法律_娱乐圈,Deinstitutionalization of Marriage,Legislation,"['违法', '合法', '法律', '娱乐圈', '普法', '明星', '合法化', '非法', '犯法', '民法典']","['合法', '违法 相信 法律 违法 不敢', '以前 违法 事 现在 受 法律 保护']"
65,211,65_两个_多生_几个_一个,Reproduction,Carry on the Family Line,"['两个', '多生', '几个', '一个', '双胞胎', '再生', '我生', '咱俩', '十个', '二宝']","['真 希望 多生 几个 条件 优秀', '以后 多生 几个', '多生 几个']"
66,323,66_女儿_儿子_闺女_生个,Reproduction,Carry on the Family Line,"['女儿', '儿子', '闺女', '生个', '两个', '以后', '将来', '02', '儿女', '三儿']","['想 女儿 以后 结婚 生 孩子 想', '想 女儿', '女儿 想']"
67,158,67_乱套_乱七八糟_乱了套_彻底,Deinstitutionalization of Marriage,Morality,"['乱套', '乱七八糟', '乱了套', '彻底', '撒谎', '全世界', '伟大', '防吃', '手掌', '落套']","['乱套', '乱套', '乱套']"
68,247,68_单身_大龄_剩女_硕士,Deinstitutionalization of Marriage,Marriage,"['单身', '大龄', '剩女', '硕士', '光棍', '孤独', '88', '未婚', '学历', '付费']","['帅 单身', '单身', '单身']"
69,164,69_广东_不领_领到_没领,Deinstitutionalization of Marriage,Legislation,"['广东', '不领', '领到', '没领', '广西', '领了', '别领', '能领', '再领', '免费']","['广东', '没有 广东', '广东 免费']"
70,246,70_领证_只生_婚礼_行不行,Deinstitutionalization of Marriage,Legislation,"['领证', '只生', '婚礼', '行不行', '结婚证', '不生', '怀孕', '一起', '酒席', '两个']","['没 领证 抢 孩子', '想 领证 生 孩子', '孩子 7 岁 领证']"
71,144,71_亲子鉴定_鉴定_亲生_钱太难,Deinstitutionalization of Marriage,Legislation,"['亲子鉴定', '鉴定', '亲生', '钱太难', '亲自', '禁止', '親子', '两千多', '亲子', '亲子关系']","['亲子鉴定', '亲子鉴定', '亲子鉴定']"
72,194,72_准生证_结婚证_出生证明_出生证,Deinstitutionalization of Marriage,Legislation,"['准生证', '结婚证', '出生证明', '出生证', '不了', '办理', '没有', '领到', '申领', '办不到']","['没有 结婚证 准生证', '没有 结婚证 准生证', '没有 结婚证 办 准生证']"
73,387,73_不生_骗人_生小孩_生娃,Reproduction,Population Growth,"['不生', '骗人', '生小孩', '生娃', '生个', '随便', '能生', '快生', '下来', '干嘛']","['不生 不用 想', '不生 不生 不生', '诶 越 越 不生']"
74,160,74_准生证_东西_现在_办理,Deinstitutionalization of Marriage,Legislation,"['准生证', '东西', '现在', '办理', '流掉', '不准', '需要', '咋个', '办不到', '出生证']","['准生证', '准生证', '准生证']"
75,177,75_hatti_海洋_头发_哈提,Individualism,Individualism,"['hatti', '海洋', '头发', '哈提', '发型', '三角形', '喜欢', '讲得', '可爱', '辫子']","['妈妈 Hatti 爱', 'hatti', 'Hatti 說 : 妈妈 Hatti']"
76,133,76_律师_张律师_咨询_停车位,Deinstitutionalization of Marriage,Legislation,"['律师', '张律师', '咨询', '停车位', '金马', '我车', '你好', '合同', '车辆', '工程']","['律师', '律师', '律师']"
77,190,77_精子_精子库_子宫_人工授精,Financial Cost,Healthcare,"['精子', '精子库', '子宫', '人工授精', '捐精', '国外', '人造', '人工受孕', '人工', '辅助']","['问 一下 这种 精子', '没有 精子 怀', '生 没有 精子']"
78,144,78_罚款_活该_罚钱_要交,Deinstitutionalization of Marriage,Legislation,"['罚款', '活该', '罚钱', '要交', '好听', '说白了', '交通事故', '超速行驶', '缴纳', '不发']","['交 罚款', '罚款 回 罚款', '交 罚款']"
79,147,79_搞笑_笑话_可笑_解说,Individualism,Diversity,"['搞笑', '笑话', '可笑', '解说', '外孙', '弹幕', '挑着', '头像', '有意思', '幽默']","['搞笑', '搞笑', '听 蛮 搞笑']"
80,175,80_医生_医院_体验_主任,Financial Cost,Healthcare,"['医生', '医院', '体验', '主任', '几位', '结扎', '点个', '优秀', '走错', '万个']","['医生 真', '医生', '医生']"
81,239,81_全国_规矩_规定_推广,Deinstitutionalization of Marriage,Legislation,"['全国', '规矩', '规定', '推广', '放开', '普及', '允许', '各地', '人定', '不成方圆']","['全国 普及 一下', '支持 全国 推广', '普及 全国']"
82,147,82_医院_出生证明_医学_准生证,Deinstitutionalization of Marriage,Legislation,"['医院', '出生证明', '医学', '准生证', '结婚证', '出生证', '证明', '出生', '建档', '签字']","['没有 结婚证 医院 出生证明', '没有 结婚证 医院 开 出生证明', '想 问 没有 结婚证 医院 出 出生证明']"
83,187,83_勇敢_勇敢的人_勇气_享受,Individualism,Diversity,"['勇敢', '勇敢的人', '勇气', '享受', '世界', '佩服', '这句', '勇气可嘉', '你好', '好勇']","['勇敢', '勇敢', '勇敢']"
84,140,84_三观_颠覆_地上_很正,Deinstitutionalization of Marriage,Morality,"['三观', '颠覆', '地上', '很正', '逻辑', '炸裂', '不正', '刷新', '一地', '印度']","['毁 三观 报', '三观 正', '三观 没']"
85,169,85_抚养费_起诉_赡养_一个月,Deinstitutionalization of Marriage,Legislation,"['抚养费', '起诉', '赡养', '一个月', '每个', '最低', '扶养', '生父', '养老', '支付']","['抚养费', '抚养费', '抚养费']"
86,164,86_优点_全是_不全是_bi,Individualism,Diversity,"['优点', '全是', '不全是', 'bi', '全都', '哈哈哈', '我天', '優點', '一害', 'bo']","['全是 优点', '全是 优点', '全是 优点']"
87,171,87_生活_方式_人生_日子,Individualism,Diversity,"['生活', '方式', '人生', '日子', '羡慕', '一趟', '每个', '体验', '人间', '快乐']","['羡慕 方式 生活', '想 生活', '想 生活']"
88,152,88_政策_国家_出台_这项,Deinstitutionalization of Marriage,Legislation,"['政策', '国家', '出台', '这项', '民政局', '人贩子', '放宽', '放宽政策', '人性化', '嘲讽']","['政策', '政策 定', '政策']"
89,179,89_无耻_礼义廉耻_不要脸_廉耻,Deinstitutionalization of Marriage,Morality,"['无耻', '礼义廉耻', '不要脸', '廉耻', '不以为耻', '至极', '礼仪之邦', '厚颜无耻', '不知廉耻', '印度']","['真 无耻', '无耻', '礼义廉耻 无耻']"
90,243,90_结婚证_意义_婚礼_证明,Deinstitutionalization of Marriage,Marriage,"['结婚证', '意义', '婚礼', '证明', '一张', '只能', '没用', '张纸', '干嘛', '捆住']","['想 结婚证', '结婚证', '补 结婚证']"
91,217,91_宣传_新闻_没看_这种,Deinstitutionalization of Marriage,Morality,"['宣传', '新闻', '没看', '这种', '值得', '报道', '垃圾', '营销', '媒体', '宣扬']","['这种 应该 宣传', '现在 宣传', '宣传']"
92,160,92_沦丧_道德_道德败坏_沦陷,Deinstitutionalization of Marriage,Morality,"['沦丧', '道德', '道德败坏', '沦陷', '信仰', '扭曲', '崩塌', '价值', '彻底', '极点']","['道德 沦丧', '道德 沦丧', '道德 沦丧']"
93,221,93_以后_出现_以前_未来,Deinstitutionalization of Marriage,Morality,"['以后', '出现', '以前', '未来', '前卫', '现在', '第一个', '电视剧', '后续', '猪笼']","['以后 陪', '以后', '以后']"
94,124,94_会刷_刷到_活跃度_我会,Deinstitutionalization of Marriage,Morality,"['会刷', '刷到', '活跃度', '我会', '能刷', '我刷', '为啥', '反思', '干嘛', '老刷']","['刷到', '刷到', '服 刷到']"
95,298,95_独立_女性_女人_时代,Individualism,Gender Equality,"['独立', '女性', '女人', '时代', '经济', '越来越', '现代', '真正', '自由', '思想']","['女性 现在 独立 越来越 挺', '新 时代 独立 女性', '独立 女性']"
96,233,96_领证_好处_感觉_坏处,Deinstitutionalization of Marriage,Legislation,"['领证', '好处', '感觉', '坏处', '领了', '后悔', '更好', '好像', '等价', '咱俩']","['领证 挺', '领证 挺', '听 领证 真']"
97,176,97_信息_出生证明_名字_父亲,Deinstitutionalization of Marriage,Legislation,"['信息', '出生证明', '名字', '父亲', '出生证', '不写', '母亲', '姓名', '一栏', '男方']","['孩子 出生证明 写 父亲 名字', '出生证明 需要 写 男方 信息', '出生证明 不想 写 孩子 父亲 信息']"
98,142,98_精神_得到_支持_得不到,Individualism,Traditional Family,"['精神', '得到', '支持', '得不到', '父亲', '好像', '老公', '结了婚', '在精神上', '婚生']","['“ 精神 得不到 孩子 父亲 支持 ” 好像 结了婚 女性 得到', '好像 父亲 得到 精神 支持', '精神 得不到 孩子 父亲 支持 好像 老公 得到 精神 支持']"
99,505,99_女性_女人_评论_婚姻,Individualism,Individualism,"['女性', '女人', '评论', '婚姻', '男人', '家庭', '孩子', '女生', '不用', '结婚']","['评论 区会 是因为 中国 发展 均衡 医疗 教育 已经 中国 退出 发展中国家 男宝们 不要 太 离谱 现在 已经 0 彩礼 女 不用 婚姻 一个 生育 登记 女朋友 生育 登记', '评论 区会 是因为 中国 发展 均衡 医疗 教育 中国 退出 发展中国家 男宝们 不要 太 离谱 现在 已经 0 彩礼 女 不用 婚姻 一个 生育 登记 女朋友 生育 登记', '普及 一下 婚姻法 \n 1 不领 结婚证 分开 顶多 算 分手 法律 头婚 \n 2 3 孩子 继承权 不用 承担 负债 \n 3 男方 男方 原生 家庭 欠下 债款 非婚 女方 孩子 不用 偿还 结婚 对象 承担 夫妻 共同 债务 \n 4 男方 犯罪 非婚 孩子 影响 上学 考公 合法婚姻 对象 必须 承担 女方 隐忍 报警 \n 5 . 不会 已婚 未育 找 不到 工作 \n 6 . 新 婚姻法 彩礼 退 嫁妆 赠予 法律 规定 本事 告 \n 7 : 没 结婚 打人 故意伤害 结婚证 打死 家庭 纠纷 结婚证 男人 合法 打人 保护伞 身强体壮 抗揍 打赢 太好了 \n 8 . 女方 遗产 赔偿 男方 男方 遗产 赔偿 父母 \n 重要 一条 妇科病 : 男性 带菌 发病 无症状 女性 接触 发病 女性 生理 结构 弱点']"
100,241,100_道德_伦理道德_伦理_沦丧,Deinstitutionalization of Marriage,Morality,"['道德', '伦理道德', '伦理', '沦丧', '缺德', '违背', '不道德', '这是', '人伦', '讲道德']","['这是 进步 道德 沦丧', '这是 道德 沦丧', '这是 道德 沦丧']"
101,178,101_女方_户口_名下_名字,Deinstitutionalization of Marriage,Legislation,"['女方', '户口', '名下', '名字', '母亲', '男方', '改姓', '随母', '父亲', '落户']","['落 女方 户口 男方 姓', '女方 户口 姓 男方 姓', '孩子 女方 户口 男方 姓']"
102,116,102_重婚罪_重婚_不算_认定,Deinstitutionalization of Marriage,Legislation,"['重婚罪', '重婚', '不算', '认定', '婚外', '私生子', '取消', '3456', '算不算', '判刑']","['重婚罪', '重婚罪', '重婚罪 没']"
103,140,103_好处_六个_那就好_感觉,Individualism,Diversity,"['好处', '六个', '那就好', '感觉', 'li', '六大', 'get', '稀罕', '好点', '一分']","['好处', '好处', '好处']"
104,192,104_底线_道德_毫无_降低,Deinstitutionalization of Marriage,Morality,"['底线', '道德', '毫无', '降低', '宣传', '上位', '没有', '下限', '突破', '标准']","['道德 底线 没', '没 道德 底线', '没 道德 没 底线']"
105,115,105_哈哈哈_哈哈哈哈_嘿嘿嘿_特色,Individualism,Diversity,"['哈哈哈', '哈哈哈哈', '嘿嘿嘿', '特色', '骚刚', '阿哈', '玩梗怀', '波人', '瞎聊', '太窄']","['哈哈哈', '哈哈哈', '哈哈哈']"
106,128,106_老师_六个_优点_缺点,Individualism,Diversity,"['老师', '六个', '优点', '缺点', '机会', '说完', '坏处', '优秀', '很爽', '太爽了']","['懂 问 老师 六个 优点', '老师 感觉 优点 没有 缺点', '老师 六个 优点 缺点 嘞']"
107,157,107_劳动力_廉价_缺人_数量,Reproduction,Population Growth,"['劳动力', '廉价', '缺人', '数量', '干活', '质量', '工作', '产量', '人才', '人少']","['廉价 劳动力 不够', '需要 廉价 劳动力 讲', '廉价 劳动力']"
108,265,108_户口_户主_落户_人口普查,Deinstitutionalization of Marriage,Legislation,"['户口', '户主', '落户', '人口普查', '上户', '户口本', '派出所', '户籍', '登记', '不了']","['户口', '户口', '户口 难']"
109,107,109_特廊_amo_快感_version,Individualism,Diversity,"['特廊', 'amo', '快感', 'version', '美食', '打哭', '份子', '想像', '救命', '奇葩']","['犯罪 份子 特廊 仆', '“ 特廊 仆 ”', '特廊 仆 想']"
110,101,110_王思聪_王家_起诉_王健林,Deinstitutionalization of Marriage,Morality,"['王思聪', '王家', '起诉', '王健林', '刚刷', '王思聪生', '诉讼', '老王', '虚假', '严惩不贷']","['王思聪 :', '王思聪', '王思聪']"
111,251,111_抚养费_男方_索要_事后,Deinstitutionalization of Marriage,Legislation,"['抚养费', '男方', '索要', '事后', '女方', '生下', '遗产', '同意', '将来', '支付']","['女 抚养权 男 出 抚养费 很多 骂 女 贪 想要 孩子 男 出 抚养费', '2 + 1 生 孩子 男方 是不是 支付 抚养费', '女方 想要 小孩 没 能力 带 男方 抚养费']"
112,167,112_漂亮_美女_好看_老板,Individualism,Diversity,"['漂亮', '美女', '好看', '老板', '颜值', '美好', '太漂亮', '这颜值', '很漂亮', '美丽']","['漂亮', '漂亮', '漂亮']"
113,104,113_抖音_音里_音领_我刷,Deinstitutionalization of Marriage,Morality,"['抖音', '音里', '音领', '我刷', '比划', '这抖音', '刷抖音', '推荐', '音刷', '监控']","['懂 抖音', '抖音 推', '抖音 懂']"
114,97,114_法国_法国人_浪漫_出了名,Deinstitutionalization of Marriage,Parenting Value,"['法国', '法国人', '浪漫', '出了名', '版本', '罗曼蒂克', '老外', '一位', '中国', '笑死人']","['法国人 法国 黑人', '看到 法国人 为啥 法国 男 原因', '笑 死 法国人 先 看看 法国 现在 情况 鬼 结婚']"
115,115,115_罚款_超生_还罚_要交,Deinstitutionalization of Marriage,Legislation,"['罚款', '超生', '还罚', '要交', '三胎', '法定年龄', '女子', '非婚生', '13', '三十岁']","['没 结婚证 需要 罚款 没', '没 结婚证 罚款', '3 胎 罚款']"
116,186,116_离婚_离婚率_冷静_婚姻,Deinstitutionalization of Marriage,Legislation,"['离婚', '离婚率', '冷静', '婚姻', '离异', '起诉', '离婚证', '咱俩', '单方面', '可怕']","['离婚', '离婚', '离婚']"
117,196,117_生育权_女性_权利_自由,Individualism,Gender Equality,"['生育权', '女性', '权利', '自由', '生育', '沦为', '权益', '女权', '剥夺', '妇女']","['支持 女性 单身 生育权 生育权 本来 女性 权利 结婚 拥有 需要 允许', '生育权 自由', '女性 生育权 ?']"
118,160,118_两个_加油_可爱_宝贝,Individualism,Diversity,"['两个', '加油', '可爱', '宝贝', '坚强', '幸福', '长大', '先苦后甜', '快乐', '宝宝']","['两个 宝宝 可爱', '两个 孩子 可爱', '加油 两个 宝宝']"
119,135,119_幸福_祝福_幸运_吉祥,Individualism,Diversity,"['幸福', '祝福', '幸运', '吉祥', '复合', '快乐', '眼泪', '希望', '祝你幸福', '越到']","['幸福', '幸福', '祝 幸福']"
120,99,120_心动_动心_有点_狠狠心,Individualism,Individualism,"['心动', '动心', '有点', '狠狠心', '心里', '疯狂', '哈斯', '噗通', 'uu', '我想問']","['心动', '心动', '心动']"
122,107,122_羡慕_好羡慕_自豪_炫耀,Individualism,Diversity,"['羡慕', '好羡慕', '自豪', '炫耀', '实名', '慕了', '健身', '天呐', '骄傲', '佩服']","['真 羡慕', '羡慕', '羡慕']"
123,116,123_梦想_理想_实现_愿望,Individualism,Diversity,"['梦想', '理想', '实现', '愿望', '赢家', '生活', '人生', '梦见', '现实', 'dream']","['梦想 实现 法', '梦想 实现', '梦想 实现']"
124,109,124_好帅_太帅_帅哥_好家伙,Individualism,Diversity,"['好帅', '太帅', '帅哥', '好家伙', '小帅哥', 'kimi', '爷们', '真帅', '阿姨', '加油']","['好帅 呦', '好帅', '好帅']"
125,135,125_鼓励_提倡_乱搞_建议,Deinstitutionalization of Marriage,Morality,"['鼓励', '提倡', '乱搞', '建议', '倡导', '这种', '抵制', '值得', '推给', '人能']","['这种 值得 提倡', '建议 提倡', '鼓励 提倡']"
126,158,126_加油_努力_起来_加速,Individualism,Diversity,"['加油', '努力', '起来', '加速', '你好', '真棒', '毫升', '五分钟', '很棒', '坚强']","['加油 想', '加油', '加油']"
127,100,127_丧偶_育儿_婚姻_已婚,Individualism,Traditional Family,"['丧偶', '育儿', '婚姻', '已婚', '家庭', '区别', '精神', '得不到', '结了婚', '拉倒']","['丧偶 式 婚姻', '丧偶 式 带 娃 太', '丧偶 式 婚姻']"
128,110,128_太好了_这好_太好_多好,Individualism,Diversity,"['太好了', '这好', '太好', '多好', '好样', '真好', '真是', '天好', '那太好', '监护权']","['太好了', '太好了', '太好了']"
129,122,129_证据_证明_必要_有证,Deinstitutionalization of Marriage,Legislation,"['证据', '证明', '必要', '有证', '提供', '没证', '相关', '予以', '无证', '驾驶']","['提供 必要 证据', '必要 证据', '“ ” 提供 必要 证据 证明 “ 须 ” 必须 “ 须 ”']"
130,114,130_彩礼_不用_高价_嫁妆,Financial Cost,Wealth,"['彩礼', '不用', '高价', '嫁妆', '车子', '车房', '男方', '婚礼', '一个肚子', '这下']","['不用 出 彩礼', '没 结婚 没 彩礼', '真 省 彩礼 钱']"
131,118,131_四川_四川人_陕西_四川省,Deinstitutionalization of Marriage,Legislation,"['四川', '四川人', '陕西', '四川省', '杀到', '成都', '巫教', '执行', '限制', '全国']","['四川', '四川', '四川 牛 逼']"
132,120,132_不错_感觉_适合_还行,Individualism,Diversity,"['不错', '感觉', '适合', '还行', '觉得', '中肯', '挺不错', '最好', '好像', '不错呀']","['不错', '不错', '不错']"
133,204,133_30_38_35_二婚,Deinstitutionalization of Marriage,Marriage,"['30', '38', '35', '二婚', '头婚', '收入', '未婚', '条件', '找个', '36']","['找 个头 婚 条件 差点 不能 找个 二婚 孩子 38 岁 收入 高 找个 未婚 条件 差点 点 男人 随便 找 找', '38 岁 收入 高 找个 未婚 男人 收入 差一点 生 一个 孩子 找 二婚 带娃 男人 找 一个 收入 差不多', '38 岁 二婚 老公 31 岁 头婚 寻找 目标 头婚 男人 坚决 后妈 孩子 结婚 不要']"
134,114,134_找个_帅哥_分手_怀孕,Reproduction,Lineage,"['找个', '帅哥', '分手', '怀孕', '生个', '优质', '谈个', '好看', '谈恋爱', '男朋友']","['觉得 找个 帅哥 生个 孩子', '找个 帅哥 生 孩子', '找个 帅哥 怀孕 分手']"
135,121,135_收藏_点赞_干货_赞赞,Individualism,Diversity,"['收藏', '点赞', '干货', '赞赞', '感动', '感谢', '点个', '赞赞赞', '关注', '转发']","['收藏', '收藏', '收藏']"
136,113,136_张律师_你好_您好_律师,Deinstitutionalization of Marriage,Legislation,"['张律师', '你好', '您好', '律师', '离婚', '户口', '房子', '请问', '现在', '迁出']","['张律师 户口 不想 出生证 名字', '张律师 您好 捡 孩子 户口', '张律师 你好 想 问 一下 没有 领 结婚证 孩子 女方 抚养费']"
137,105,137_私生子_户口_落户_三生,Deinstitutionalization of Marriage,Legislation,"['私生子', '户口', '落户', '三生', '继承', '财产', '小三', '原配', '那小三', '上户']","['私生子 户口', '私生子 户口', '私生子 户口']"
138,190,138_爸爸_作用_通透_老爸,Individualism,Traditional Family,"['爸爸', '作用', '通透', '老爸', '父亲', '父子俩', '他爸', '这位', '智慧', '副作用']","['爸爸', '爸爸', '爸爸']"
139,253,139_未婚_不婚_未婚先孕_不育,Deinstitutionalization of Marriage,Marriage,"['未婚', '不婚', '未婚先孕', '不育', '结婚', '就生', '结过婚', '保平安', '没生', '先育']","['现在 很多 没有 结婚 就生 孩子', '妈妈 没 结婚 就生 网上 好多 可怕 爸爸 感觉 没 爸爸 快乐 知道', '未婚 妈妈 小孩 已经 8 岁']"
140,164,140_真不错_房子_猪笼_古代,Deinstitutionalization of Marriage,Morality,"['真不错', '房子', '猪笼', '古代', '动物', '人贩子', '卖不出去', '诚意金', '羊少', '山西']","['真不错', '真不错', '住 房子 真不错']"
141,105,141_想法_新思路_大胆_思路,Individualism,Individualism,"['想法', '新思路', '大胆', '思路', '打开', '傻子', '主意', '傻乎乎', '不太', '计划']","['ˉ 想法', '想法', '想法']"
142,114,142_三生_三个_鼓励_三观,Deinstitutionalization of Marriage,Parenting Value,"['三生', '三个', '鼓励', '三观', '三宝', '我生', '守规矩', '孩子', '三儿', '老三']","['三生 孩子', '三生 孩子', '三生 孩子']"
143,91,143_家暴_故意伤害_纠纷_领证,Deinstitutionalization of Marriage,Legislation,"['家暴', '故意伤害', '纠纷', '领证', '挨打', '打死', '打人', '家庭', '坐牢', '打架']","['领证 家暴 算 故意伤害 领证 家庭 纠纷', '额 嫁 家暴 带 孩子', '领证 家暴 太']"
144,97,144_摩梭_摩梭人_泸沽湖_湖南,Deinstitutionalization of Marriage,Marriage,"['摩梭', '摩梭人', '泸沽湖', '湖南', '纳西族', '株洲', '去过', '云南', '民族', '不愧']","['没有 摩梭 族 摩梭人', '摩梭 族 摩梭人', '摩梭 族 摩梭人']"
145,129,145_不生_你生_要生_没生,Deinstitutionalization of Marriage,Parenting Value,"['不生', '你生', '要生', '没生', '生日快乐', '想生', '我生', '理论', '快生', '生生生']","['想生', '酸去 觉得 没生 或许 看不惯 疯言疯语 起来', '爱 生 生 观众 旁观者 磕着 瓜子 看着 世界']"
146,96,146_整挺_看上去_画像_相欠,Individualism,Gender Equality,"['整挺', '看上去', '画像', '相欠', '互不', '相当', '回事', '其实', '公平', '请问']","['挺 公平', '相当', '画像 挺']"
147,102,147_可爱_哈提_宝宝_可萌,Individualism,Diversity,"['可爱', '哈提', '宝宝', '可萌', '小可爱', '蹦蹦跳跳', '在世', '可愛暴擊', '鼬鼠', '太可愛了']","['太 可爱', '太 可爱', '太 可爱']"
148,97,148_三个_颜值_三小只_可爱,Individualism,Diversity,"['三个', '颜值', '三小只', '可爱', '漂亮', '太漂亮', '三只', '懂事', '三小', '好看']","['三个 宝宝 超 可爱', '三个 孩子 养 棒', '三个 娃']"
149,221,149_女人_活成_羡慕_样子,Individualism,Diversity,"['女人', '活成', '羡慕', '样子', '这女', '天花板', '美女', '榜样', '女强人', '骄傲']","['活成 女人 想要 样子', '活成 女人 想要 样子', '活成 女人 羡慕 样子']"
150,159,150_老公_老婆_自费_生气,Deinstitutionalization of Marriage,Morality,"['老公', '老婆', '自费', '生气', '小老婆', '前夫', '丈夫', '一报', '婆家', '区别']","['老公', '老公', '写 老公 生']"
151,115,151_厉害_太牛_太强_佩服,Individualism,Diversity,"['厉害', '太牛', '太强', '佩服', 'post', '强不强', '巨牛', '逼行', '太精彩', '厲害']","['厉害', ' 厉害', '厉害']"
152,77,152_一一_可爱_治愈_福宝,Individualism,Diversity,"['一一', '可爱', '治愈', '福宝', '小花', '笑容', '开心', '童子', '一举一动', '采点']","['一一 帅', '一一 想', '一一']"
153,135,153_太棒了_棒棒_特别_好棒,Individualism,Diversity,"['太棒了', '棒棒', '特别', '好棒', '很棒', '非常', '太爱', '太棒', '真棒', '女主']","['太棒了', '太棒了', '太棒了']"
154,96,154_取消_结婚证_婚姻登记_婚姻法,Deinstitutionalization of Marriage,Legislation,"['取消', '结婚证', '婚姻登记', '婚姻法', '防火', '解除', '注销', '防盗', '撤销', '作废']","['结婚证 取消', '取消 结婚证', '取消 结婚证']"
155,137,155_爸爸_回答_他爸_父亲,Individualism,Traditional Family,"['爸爸', '回答', '他爸', '父亲', '亲生', '孩他', '孩子', '长大', '问起', '幼儿园']","['孩子 爸爸', '孩子 爸爸', '孩子 爸爸']"
156,148,156_保护_保障_婚姻_婚姻法,Deinstitutionalization of Marriage,Legislation,"['保护', '保障', '婚姻', '婚姻法', '财产', '弱者', '协议', '法律', '婚内', '事实']","['婚姻 保护 男人', '保护 婚姻', '婚姻 保护']"
157,86,157_亲子鉴定_拒绝_男方_鉴定,Deinstitutionalization of Marriage,Legislation,"['亲子鉴定', '拒绝', '男方', '鉴定', '亲子关系', '证据', '要求', '证明', '法院', '判定']","['男方 要求 亲子鉴定 女方 拒绝', '男方 亲子鉴定', '男方 亲子鉴定']"
158,84,158_产假_单位_享受_公司,Deinstitutionalization of Marriage,Legislation,"['产假', '单位', '享受', '公司', '预产期', '哺乳', '非婚', '能休', '婚假', '生育']","['休 产假', '没 产假', '产假']"
159,137,159_学习_学到_学会_知识,Individualism,Diversity,"['学习', '学到', '学会', '知识', '起来', '我勒个', '学学', '背会', '话发', '快来学']","['学习', '学习', '学习']"
160,166,160_户口_上学_上户_小孩,Deinstitutionalization of Marriage,Legislation,"['户口', '上学', '上户', '小孩', '出生', '落户', '抱养', '拐来', '简单', '孩子']","['孩子 户口', '孩子 户口', '孩子 户口']"
161,65,161_说完_坏处_好处_光说,Individualism,Diversity,"['说完', '坏处', '好处', '光说', 'simon', '胡先煦', '考证', 'free', '见过', '好吃']","['好处 说完 坏处 没', '好处 说完 坏处', '好处 说完 坏处']"
162,82,162_人性_扭曲_沦丧_道德,Deinstitutionalization of Marriage,Morality,"['人性', '扭曲', '沦丧', '道德', '泯灭', '究竟', '纽曲', '何异', '人心不古', '考验']","['道德 沦丧 人性 扭曲', '道德 沦丧 人性 扭曲', '道德 沦丧 人性 扭曲']"
163,122,163_国内_外国_国外_崇洋媚外,Individualism,Traditional Family,"['国内', '外国', '国外', '崇洋媚外', '老外', '中国', '外国人', '西方', '媚外', '外国货']","['崇洋媚外', '崇洋媚外', '外国 崇洋媚外']"
164,146,164_婚姻_亵渎_侮辱_道德,Deinstitutionalization of Marriage,Marriage,"['婚姻', '亵渎', '侮辱', '道德', '最大', '弄脏', '爱情', '底线', '弄脏了', '国之大辱']","['亵渎 婚姻', '婚姻 最大 亵渎', '亵渎 婚姻 道德 沦丧 � � �']"
165,99,165_教育_家规_作业_这是,Deinstitutionalization of Marriage,Morality,"['教育', '家规', '作业', '这是', '素质', '主动', '礼貌', '问好', '不嫉妒', '没大没小']","['珂 珂 教育 太', '孩子 教育 真', '真 教育 孩子']"
166,103,166_原配_侮辱_公平_妻子,Deinstitutionalization of Marriage,Morality,"['原配', '侮辱', '公平', '妻子', '保姆', '权益', '夫妻', '中国', '法律', '无辜']","['原配 3', '原配', '原配 侮辱']"
167,184,167_事事_顺利_好事_好消息,Individualism,Diversity,"['事事', '顺利', '好事', '好消息', '好人', '事在人为', '财源滚滚', '世界', '善良', '万事如意']","['好事', '好事 乱', '好事']"
168,238,168_离婚_婆婆_离异_幸福,Individualism,Traditional Family,"['离婚', '婆婆', '离异', '幸福', '家庭', '孩子', '老公', '婚姻', '觉得', '生活']","['生 带 婆婆 天天 挑拨离间 生怕 儿子 媳妇 干脆 结婚 生个 孩子 爸妈 一起 孩子 姓 婆婆 烦 父母 永远都是 宝贝 婆婆 太烦 老公 沾花惹草', '这种 离异 带 孩子 差', '离婚 孩子']"
170,139,170_觉得_感觉_不全_不太好,Deinstitutionalization of Marriage,Morality,"['觉得', '感觉', '不全', '不太好', '恨死', '以貌取人', '肤浅', 'final', '行得', '干实']","['觉得', '觉得', '觉得 怪']"
171,108,171_底线_毫无_下线_越来越,Deinstitutionalization of Marriage,Morality,"['底线', '毫无', '下线', '越来越', '真是', '下限', '名族', '已经', '讽刺', '做人']","['没 底线', '没 底线', '没 底线']"
172,95,172_宝宝_宝贝_小宝_哈宝,Individualism,Diversity,"['宝宝', '宝贝', '小宝', '哈宝', '好棒', '哭闹', '宝儿', '安琪儿', '真棒', '抱抱']","['听 宝宝', '宝宝', '宝宝']"
173,76,173_米娜_养猪_母猪_猪仔,Deinstitutionalization of Marriage,Parenting Value,"['米娜', '养猪', '母猪', '猪仔', '公猪', '只在乎', '放弃', '猪崽', '放手', '一起']","['好比 农村 养猪 主人 不在乎 母猪 种猪 只在乎 猪仔 越多越好', '接受 现实 米娜 机会 现在 米 娜 帮 以后 努力 米娜 一个 未来 米娜 妈 想法 正常 老人家 一点 时间 米娜 慢慢 做通 妈 思想 工作 米 娜 妈 看到 努力 看到 真诚 不要 大男子主义 面对现实 折腾 坏 要害 两个 儿子 … … …', ': 看起来 左 左 喜欢 米娜 左 左 不会 哭 米娜 同意 一起 真心 希望 幸福 善待 两个 孩子']"
174,77,174_影响_犯罪_考公_政审,Deinstitutionalization of Marriage,Legislation,"['影响', '犯罪', '考公', '政审', '犯事', '婚生子', '案底', '父亲', '当兵', '子女']","['三生 孩子 原配 孩子 爹 犯罪 影响 原配 孩子 影响 私生子 以后 结婚 恋爱 生子 就行', '父亲 犯罪 原配 孩子 受 影响 孩子 受 孩子 继承权', '没有 考虑 原配 父亲 犯罪 原配 孩子 影响 不能 考公 私生子 考公 不说']"
175,111,175_开心_鸡汤_快乐_恭喜,Individualism,Diversity,"['开心', '鸡汤', '快乐', '恭喜', '远离', '高兴', '辛苦', '人和事', '好开心', '消耗']","['开心', '开心', '开心']"
176,120,176_养不起_人养_没人养_谁养,Financial Cost,Wealth,"['养不起', '人养', '没人养', '谁养', '养难', '生恩', '呼噜', '我养', '好养', '养不活']","['养不起', '想 养不起', '养 养不起']"
177,136,177_家庭_原生_完整_一家,Individualism,Traditional Family,"['家庭', '原生', '完整', '一家', '婆媳关系', '一家人', '家人', '普通家庭', '破坏', '婆家']","['这种 完整 家庭', '玩 梗 有人 原生 家庭 真的', '一个 原生 家庭']"
178,83,178_恶心_变态_真贱_至极,Deinstitutionalization of Marriage,Morality,"['恶心', '变态', '真贱', '至极', '我来', '肮脏', '尼玛', '败坏', '良心', '颠覆']","['恶心', '恶心', '真 恶心']"
179,62,179_忠诚_义务_保证_婚内,Deinstitutionalization of Marriage,Marriage,"['忠诚', '义务', '保证', '婚内', '领了', '领证', '忠诚度', '有证', '确保', '履行']","['结婚 一定 忠诚', '结婚证 忠诚', '哈哈哈 忠诚']"
181,97,181_精神_焦虑_艾滋病_陈博士,Financial Cost,Healthcare,"['精神', '焦虑', '艾滋病', '陈博士', '心理医生', '心理学', '得不到', '变态心理', '妇科医生', '消失']","['讲 精神', '精神 支持', '精神 支持']"
182,78,182_中国_外国_外国人_国外,Individualism,Traditional Family,"['中国', '外国', '外国人', '国外', '彩礼', '女人', '黑人', '嫁给', '男人', '倒贴']","['一个 中国 女人 外国 男人 种 合适', '外国 男人 不用 中国 女 倒 搭', '中国 男人 找个 不要 彩礼 外国 女人']"
184,84,184_继承_债务_财产_继承权,Deinstitutionalization of Marriage,Legislation,"['继承', '债务', '财产', '继承权', '负债', '遗产', '等同', '遗嘱', '皇位', '惦记']","['没 财产 继承', '继承 继承 债务', '继承']"
185,101,185_合法_违法_已婚_犯法,Deinstitutionalization of Marriage,Legislation,"['合法', '违法', '已婚', '犯法', '判刑', '非法', '生子', '法律', '夫妻', '男要']","['一个 合法 孩子 先 结婚 离婚', '合法 生育', '觉得 挺 结婚 合法 孩子']"
186,58,186_听到_优点_缺点_起来,Individualism,Diversity,"['听到', '优点', '缺点', '起来', '全是', '听见', '一听', '听懂', '无可奈何', '小声点']","['没 听到 缺点', '没 听到 缺点', '没 听到 缺点 全是 优点']"
187,69,187_社保_报销_一金_五险,Deinstitutionalization of Marriage,Legislation,"['社保', '报销', '一金', '五险', '医保', '关系', '本来', '医疗保险', '没交五险', '交了']","['社保 报销', '社保 报销', '社保 报销']"
188,60,188_领养_收养_非常_讲讲,Deinstitutionalization of Marriage,Legislation,"['领养', '收养', '非常', '讲讲', '20', '那能', '弄脏了', '高下', '領養個', '盘旋']","['领养', '领养', '领养']"
189,75,189_领证_咱俩_婚礼_一件,Deinstitutionalization of Marriage,Marriage,"['领证', '咱俩', '婚礼', '一件', '这领', '正确', '臭宝', '真香', '举办', '人心']","['领证', '领证', '领证']"
190,97,190_证明_协议_未婚_协议书,Deinstitutionalization of Marriage,Legislation,"['证明', '协议', '未婚', '协议书', '婚内', '非婚', '村上', '办理', '有效', '签字']","['未婚 证明 证', '未婚 证明 开 证明', '未婚 证明 证明']"
191,67,191_活成_样子_喜欢_让你在,Individualism,Individualism,"['活成', '样子', '喜欢', '让你在', '想要', '霸气', '梦寐以求', '洒脱', '内心', '模样']","['活成 想要 样子', '活成 想要 样子', '活成 想要 样子']"
192,178,192_不想_想要_结婚_女性,Deinstitutionalization of Marriage,Marriage,"['不想', '想要', '结婚', '女性', '好多', '愿意', '女生', '孩子', '男人', '很多']","['男 不想 结婚 想要 孩子', '男 不想 结婚 想要 孩子', '不想 结婚 想 孩子 男']"
193,93,193_负责_不负责任_担当_责任,Individualism,Traditional Family,"['负责', '不负责任', '担当', '责任', '责任心', '男人', '责任感', '到处', '承担责任', '最大']","['男 负 负责', '真 不用 男 负责', '男人 不用 负责']"
194,59,194_男渣_遇上_遇到_背叛,Deinstitutionalization of Marriage,Morality,"['男渣', '遇上', '遇到', '背叛', '亲着', '摧毁', '脑子里', '体会', '不配', '一代']","['渣 男渣 女会 孩子 更惨', '瞎搞 渣 男渣 女 创造 机会', '我家 渣 男渣 女 开心 泛滥成灾']"
